Country,Flag Image
China,https://www.countryflags.com/wp-content/uploads/china-flag-png-large.png
Argentina,https://www.countryflags.com/wp-content/uploads/flag-jpg-xl-7-scaled.jpg
India,https://www.countryflags.com/wp-content/uploads/india-flag-png-large.png
Mexico,https://www.countryflags.com/wp-content/uploads/mexico-flag-png-large.png
Pakistan,https://www.countryflags.com/wp-content/uploads/pakistan-flag-png-large.png
Turkey,https://www.countryflags.com/wp-content/uploads/turkey-flag-png-large.png
Philippines,https://www.countryflags.com/wp-content/uploads/philippines-flag-png-large.png
Russia,https://www.countryflags.com/wp-content/uploads/russia-flag-png-large.png
Bangladesh,https://www.countryflags.com/wp-content/uploads/flag-jpg-xl-14-scaled.jpg
South Korea,https://www.countryflags.com/wp-content/uploads/south-korea-flag-png-large.png
Brazil,https://www.countryflags.com/wp-content/uploads/brazil-flag-png-large.png
Nigeria,https://www.countryflags.com/wp-content/uploads/nigeria-flag-png-large.png
Indonesia,https://www.countryflags.com/wp-content/uploads/indonesia-flag-png-large.png
Japan,https://www.countryflags.com/wp-content/uploads/japan-flag-png-large.png
United States,https://www.countryflags.com/wp-content/uploads/united-states-of-america-flag-png-large.png
Taiwan,https://www.countryflags.com/wp-content/uploads/taiwan-flag-png-large.png
Democratic Republic of the Congo,https://www.countryflags.com/wp-content/uploads/congo-democratic-republic-of-the-flag-png-large.png
Peru,https://www.countryflags.com/wp-content/uploads/peru-flag-png-large.png
Egypt,https://www.countryflags.com/wp-content/uploads/egypt-flag-png-large.png
United Kingdom,https://www.countryflags.com/wp-content/uploads/united-kingdom-flag-png-large.png
Iran,https://www.countryflags.com/wp-content/uploads/iran-flag-png-large.png
Colombia,https://www.countryflags.com/wp-content/uploads/colombia-flag-png-large.png
Iraq,https://www.countryflags.com/wp-content/uploads/iraq-flag-png-large.png
Thailand,https://www.countryflags.com/wp-content/uploads/thailand-flag-png-large.png
Chile,https://www.countryflags.com/wp-content/uploads/chile-flag-png-large.png
Canada,https://www.countryflags.com/wp-content/uploads/canada-flag-png-large.png
Myanmar,https://www.countryflags.com/wp-content/uploads/myanmar-flag-png-large.png
Australia,https://www.countryflags.com/wp-content/uploads/flag-jpg-xl-9-scaled.jpg
Saudi Arabia,https://www.countryflags.com/wp-content/uploads/saudi-arabia-flag-png-large.png
Cote d'Ivoire,https://www.countryflags.com/wp-content/uploads/cote-d-ivoire-flag-png-large.png
Singapore,https://www.countryflags.com/wp-content/uploads/singapore-flag-png-large.png
Vietnam,https://www.countryflags.com/wp-content/uploads/vietnam-flag-png-large.png
South Africa,https://www.countryflags.com/wp-content/uploads/south-africa-flag-png-large.png
Germany,https://www.countryflags.com/wp-content/uploads/germany-flag-png-large.png
Spain,https://www.countryflags.com/wp-content/uploads/spain-flag-png-large.png
North Korea,https://www.countryflags.com/wp-content/uploads/north-korea-flag-png-large.png
Morocco,https://www.countryflags.com/wp-content/uploads/morocco-flag-png-large.png
Afghanistan,https://www.countryflags.com/wp-content/uploads/afghanistan-flag-png-large.png
Venezuela,https://www.countryflags.com/wp-content/uploads/venezuela-flag-png-large.png
Angola,https://www.countryflags.com/wp-content/uploads/flag-jpg-xl-5-scaled.jpg
Ethiopia,https://www.countryflags.com/wp-content/uploads/ethiopia-flag-png-large.png
Kenya,https://www.countryflags.com/wp-content/uploads/kenya-flag-png-large.png
Tanzania,https://www.countryflags.com/wp-content/uploads/tanzania-flag-png-large.png
Somalia,https://www.countryflags.com/wp-content/uploads/somalia-flag-png-large.png
Italy,https://www.countryflags.com/wp-content/uploads/italy-flag-png-large.png
Ukraine,https://www.countryflags.com/wp-content/uploads/ukraine-flag-png-large.png
Senegal,https://www.countryflags.com/wp-content/uploads/senegal-flag-png-large.png
Dominican Republic,https://www.countryflags.com/wp-content/uploads/dominican-republic-flag-png-large.png
Cuba,https://www.countryflags.com/wp-content/uploads/cuba-flag-png-large.png
France,https://www.countryflags.com/wp-content/uploads/france-flag-png-large.png
Kazakhstan,https://www.countryflags.com/wp-content/uploads/kazakhstan-flag-png-large.png
Uzbekistan,https://www.countryflags.com/wp-content/uploads/uzbekistan-flag-png-large.png
Algeria,https://www.countryflags.com/wp-content/uploads/flag-jpg-xl-3-scaled.jpg
Sudan,https://www.countryflags.com/wp-content/uploads/sudan-flag-png-large.png
Ghana,https://www.countryflags.com/wp-content/uploads/ghana-flag-png-large.png
Ecuador,https://www.countryflags.com/wp-content/uploads/ecuador-flag-png-large.png
Yemen,https://www.countryflags.com/wp-content/uploads/yemen-flag-png-large.png
Lebanon,https://www.countryflags.com/wp-content/uploads/lebanon-flag-png-large.png
Romania,https://www.countryflags.com/wp-content/uploads/romania-flag-png-large.png
Guinea,https://www.countryflags.com/wp-content/uploads/guinea-flag-png-xl.png
Belarus,https://www.countryflags.com/wp-content/uploads/flag-jpg-xl-16-scaled.jpg
Poland,https://www.countryflags.com/wp-content/uploads/poland-flag-png-large.png
Hungary,https://www.countryflags.com/wp-content/uploads/hungary-flag-png-large.png
Austria,https://www.countryflags.com/wp-content/uploads/flag-jpg-xl-10-scaled.jpg
Syria,https://www.countryflags.com/wp-content/uploads/syria-flag-png-large.png
Cambodia,https://www.countryflags.com/wp-content/uploads/cambodia-flag-png-large.png
Zimbabwe,https://www.countryflags.com/wp-content/uploads/zimbabwe-flag-png-large.png
Paraguay,https://www.countryflags.com/wp-content/uploads/paraguay-flag-png-large.png
Malaysia,https://www.countryflags.com/wp-content/uploads/malaysia-flag-png-large.png
Nepal,https://www.countryflags.com/wp-content/uploads/nepal-flag-png-large.png
